{
  "dense_only": {
    "runs": [
      {
        "n_questions": 59,
        "n_answerable": 53,
        "n_unanswerable": 6,
        "recall_at_1": 0.4339622641509434,
        "recall_at_3": 0.6981132075471698,
        "recall_at_5": 0.7735849056603774,
        "recall_at_10": 0.7924528301886793,
        "mrr_at_10": 0.5772237196765498,
        "multi_hop_any_recall_at_5": 1.0,
        "multi_hop_all_recall_at_5": 0.3,
        "multi_hop_all_recall_at_10": 0.6,
        "unanswerable_false_retrieval_rate": 1.0,
        "per_type_recall_at_5": {
          "disambiguation": 0.625,
          "multi_hop": 1.0,
          "paraphrase": 0.6363636363636364,
          "single_hop": 0.7777777777777778,
          "troubleshooting": 0.8333333333333334
        },
        "latency_mean_s": 0.0035728813559322034,
        "latency_p50_s": 0.0034,
        "latency_p95_s": 0.0053
      },
      {
        "n_questions": 59,
        "n_answerable": 53,
        "n_unanswerable": 6,
        "recall_at_1": 0.4339622641509434,
        "recall_at_3": 0.6981132075471698,
        "recall_at_5": 0.7735849056603774,
        "recall_at_10": 0.7924528301886793,
        "mrr_at_10": 0.5772237196765498,
        "multi_hop_any_recall_at_5": 1.0,
        "multi_hop_all_recall_at_5": 0.3,
        "multi_hop_all_recall_at_10": 0.6,
        "unanswerable_false_retrieval_rate": 1.0,
        "per_type_recall_at_5": {
          "disambiguation": 0.625,
          "multi_hop": 1.0,
          "paraphrase": 0.6363636363636364,
          "single_hop": 0.7777777777777778,
          "troubleshooting": 0.8333333333333334
        },
        "latency_mean_s": 0.0032661016949152542,
        "latency_p50_s": 0.0032,
        "latency_p95_s": 0.0041
      },
      {
        "n_questions": 59,
        "n_answerable": 53,
        "n_unanswerable": 6,
        "recall_at_1": 0.4339622641509434,
        "recall_at_3": 0.6981132075471698,
        "recall_at_5": 0.7735849056603774,
        "recall_at_10": 0.7924528301886793,
        "mrr_at_10": 0.5772237196765498,
        "multi_hop_any_recall_at_5": 1.0,
        "multi_hop_all_recall_at_5": 0.3,
        "multi_hop_all_recall_at_10": 0.6,
        "unanswerable_false_retrieval_rate": 1.0,
        "per_type_recall_at_5": {
          "disambiguation": 0.625,
          "multi_hop": 1.0,
          "paraphrase": 0.6363636363636364,
          "single_hop": 0.7777777777777778,
          "troubleshooting": 0.8333333333333334
        },
        "latency_mean_s": 0.003228813559322034,
        "latency_p50_s": 0.0031,
        "latency_p95_s": 0.0041
      }
    ],
    "n_runs": 3,
    "deterministic_claim": true,
    "runs_identical": true,
    "run_result_hashes": [
      "e4922c1f75dcdb5f",
      "e4922c1f75dcdb5f",
      "e4922c1f75dcdb5f"
    ],
    "mean": {
      "n_questions": 59.0,
      "n_answerable": 53.0,
      "n_unanswerable": 6.0,
      "recall_at_1": 0.43396226415094336,
      "recall_at_3": 0.6981132075471698,
      "recall_at_5": 0.7735849056603774,
      "recall_at_10": 0.7924528301886792,
      "mrr_at_10": 0.5772237196765498,
      "multi_hop_any_recall_at_5": 1.0,
      "multi_hop_all_recall_at_5": 0.3,
      "multi_hop_all_recall_at_10": 0.6,
      "unanswerable_false_retrieval_rate": 1.0,
      "latency_mean_s": 0.0033559322033898304,
      "latency_p50_s": 0.0032333333333333333,
      "latency_p95_s": 0.0045000000000000005
    },
    "per_type_recall_at_5_mean": {
      "disambiguation": 0.625,
      "multi_hop": 1.0,
      "paraphrase": 0.6363636363636364,
      "single_hop": 0.7777777777777778,
      "troubleshooting": 0.8333333333333334
    }
  },
  "sparse_only": {
    "runs": [
      {
        "n_questions": 59,
        "n_answerable": 53,
        "n_unanswerable": 6,
        "recall_at_1": 0.09433962264150944,
        "recall_at_3": 0.22641509433962265,
        "recall_at_5": 0.3018867924528302,
        "recall_at_10": 0.37735849056603776,
        "mrr_at_10": 0.17848158131176997,
        "multi_hop_any_recall_at_5": 0.5,
        "multi_hop_all_recall_at_5": 0.1,
        "multi_hop_all_recall_at_10": 0.2,
        "unanswerable_false_retrieval_rate": 1.0,
        "per_type_recall_at_5": {
          "disambiguation": 0.375,
          "multi_hop": 0.5,
          "paraphrase": 0.18181818181818182,
          "single_hop": 0.16666666666666666,
          "troubleshooting": 0.5
        },
        "latency_mean_s": 0.0012016949152542373,
        "latency_p50_s": 0.0012,
        "latency_p95_s": 0.0015
      },
      {
        "n_questions": 59,
        "n_answerable": 53,
        "n_unanswerable": 6,
        "recall_at_1": 0.09433962264150944,
        "recall_at_3": 0.22641509433962265,
        "recall_at_5": 0.3018867924528302,
        "recall_at_10": 0.37735849056603776,
        "mrr_at_10": 0.17848158131176997,
        "multi_hop_any_recall_at_5": 0.5,
        "multi_hop_all_recall_at_5": 0.1,
        "multi_hop_all_recall_at_10": 0.2,
        "unanswerable_false_retrieval_rate": 1.0,
        "per_type_recall_at_5": {
          "disambiguation": 0.375,
          "multi_hop": 0.5,
          "paraphrase": 0.18181818181818182,
          "single_hop": 0.16666666666666666,
          "troubleshooting": 0.5
        },
        "latency_mean_s": 0.0012830508474576273,
        "latency_p50_s": 0.0012,
        "latency_p95_s": 0.0022
      },
      {
        "n_questions": 59,
        "n_answerable": 53,
        "n_unanswerable": 6,
        "recall_at_1": 0.09433962264150944,
        "recall_at_3": 0.22641509433962265,
        "recall_at_5": 0.3018867924528302,
        "recall_at_10": 0.37735849056603776,
        "mrr_at_10": 0.17848158131176997,
        "multi_hop_any_recall_at_5": 0.5,
        "multi_hop_all_recall_at_5": 0.1,
        "multi_hop_all_recall_at_10": 0.2,
        "unanswerable_false_retrieval_rate": 1.0,
        "per_type_recall_at_5": {
          "disambiguation": 0.375,
          "multi_hop": 0.5,
          "paraphrase": 0.18181818181818182,
          "single_hop": 0.16666666666666666,
          "troubleshooting": 0.5
        },
        "latency_mean_s": 0.0014135593220338982,
        "latency_p50_s": 0.0013,
        "latency_p95_s": 0.0019
      }
    ],
    "n_runs": 3,
    "deterministic_claim": true,
    "runs_identical": true,
    "run_result_hashes": [
      "b281e99b8ff55474",
      "b281e99b8ff55474",
      "b281e99b8ff55474"
    ],
    "mean": {
      "n_questions": 59.0,
      "n_answerable": 53.0,
      "n_unanswerable": 6.0,
      "recall_at_1": 0.09433962264150945,
      "recall_at_3": 0.22641509433962267,
      "recall_at_5": 0.3018867924528302,
      "recall_at_10": 0.3773584905660378,
      "mrr_at_10": 0.17848158131176997,
      "multi_hop_any_recall_at_5": 0.5,
      "multi_hop_all_recall_at_5": 0.10000000000000002,
      "multi_hop_all_recall_at_10": 0.20000000000000004,
      "unanswerable_false_retrieval_rate": 1.0,
      "latency_mean_s": 0.0012994350282485875,
      "latency_p50_s": 0.0012333333333333332,
      "latency_p95_s": 0.0018666666666666666
    },
    "per_type_recall_at_5_mean": {
      "disambiguation": 0.375,
      "multi_hop": 0.5,
      "paraphrase": 0.1818181818181818,
      "single_hop": 0.16666666666666666,
      "troubleshooting": 0.5
    }
  },
  "hybrid_rrf": {
    "runs": [
      {
        "n_questions": 59,
        "n_answerable": 53,
        "n_unanswerable": 6,
        "recall_at_1": 0.20754716981132076,
        "recall_at_3": 0.6415094339622641,
        "recall_at_5": 0.7735849056603774,
        "recall_at_10": 0.8301886792452831,
        "mrr_at_10": 0.43370020964360584,
        "multi_hop_any_recall_at_5": 0.9,
        "multi_hop_all_recall_at_5": 0.1,
        "multi_hop_all_recall_at_10": 0.4,
        "unanswerable_false_retrieval_rate": 1.0,
        "per_type_recall_at_5": {
          "disambiguation": 0.875,
          "multi_hop": 0.9,
          "paraphrase": 0.45454545454545453,
          "single_hop": 0.7777777777777778,
          "troubleshooting": 1.0
        },